{"sv:99942:2461188":{"data":{"r":[-0.8014028945845973,0.7391020330170932,-0.05839855514893338],"v":[-0.0106694581911134,-0.01036039209799476,0.0003006873817962739],"epoch":9643,"epochJD":2461188,"source":"JPL_HORIZONS"},"hash":"91e1cc27ab6da006dfed07e2cd10b42fcfdd1311166ca178709c5b159384ea03","fetched_at":1780198972,"ttl":50400},"el:99942":{"data":{"a":0.9223417394291891,"e":0.1913926258631164,"i":3.33124419696746,"Omega":204.6568307850113,"omega":126.0648832968501,"M":231.6243952547896,"period":323.5461383247019,"source":"JPL_HORIZONS","epochJD":2451544.5},"hash":"039fa7403b4a241202c136950fff127e566495496ca79f8b935f83f813a0ec73","fetched_at":1780198972,"ttl":50400},"sv:99942:2461218":{"data":{"r":[-1.031203818242832,0.3651717681407795,-0.04387387700985439],"v":[-0.004399863607707112,-0.01414060138205388,0.0006507227023943609],"epoch":9673,"epochJD":2461218,"source":"JPL_HORIZONS"},"hash":"a4dce90774a5fb51c6b2faf56214052c4ae9dc56bbb0dca2dff8489f35ad67d7","fetched_at":1780198994,"ttl":50400},"sv:99942:2461248":{"data":{"r":[-1.05304517926113,-0.08161039925924649,-0.02054303399999238],"v":[0.003103731303635975,-0.01513239841049246,0.0008810943431590874],"epoch":9703,"epochJD":2461248,"source":"JPL_HORIZONS"},"hash":"9c87c6df90c1a32231f8995ea29c37c2adcea66557291e6c5a74500e4368be9e","fetched_at":1780198994,"ttl":50400},"sv:99942:2461278":{"data":{"r":[-0.8393056291686833,-0.5072547624570434,0.007230115302387977],"v":[0.01114504144608245,-0.0125519644867406,0.0009335023011903],"epoch":9733,"epochJD":2461278,"source":"JPL_HORIZONS"},"hash":"736648b6e2a18ac6d9368a97aa58aa0b133e8e8ec4f9202fc1334bdd5341ef86","fetched_at":1780198994,"ttl":50400},"sv:99942:2461308":{"data":{"r":[-0.3951331178327179,-0.7861193381520485,0.03261735792526948],"v":[0.01801702284140572,-0.005124246830168385,0.0006995265264548874],"epoch":9763,"epochJD":2461308,"source":"JPL_HORIZONS"},"hash":"f0e8baa2d3e9f70251f36d7f718c9e051e2755b5cef9d7418f49c9b5bbf1963e","fetched_at":1780198995,"ttl":50400},"sv:99942:2461338.97046909":{"data":{"r":[0.2074299061472674,-0.7537611439848796,0.04513775988847504],"v":[0.01930653801502262,0.007885912004384751,0.00003557841205570263],"epoch":9793.970469090156,"epochJD":2461338.97046909,"source":"JPL_HORIZONS"},"hash":"ede50377a95030b1100db214ef93a82c442ad37fb6fd00660213fa86d11eefa0","fetched_at":1780198995,"ttl":50400},"sv:99942:2461368.2061199667":{"data":{"r":[0.6601118006815059,-0.3459578305679622,0.03407417172828713],"v":[0.01020742283855097,0.01917390642209712,-0.0007820895150873384],"epoch":9823.206119966693,"epochJD":2461368.2061199667,"source":"JPL_HORIZONS"},"hash":"47ce024f7838589dd37f53d930bc785c78d915221c11be33ad63ba5d81b2c0bb","fetched_at":1780198995,"ttl":50400},"sv:99942:2461398.4364955095":{"data":{"r":[0.7415958201623327,0.2749890972994851,0.002856588138391023],"v":[-0.004614850061785007,0.02011764695207965,-0.001182938335691911],"epoch":9853.436495509464,"epochJD":2461398.4364955095,"source":"JPL_HORIZONS"},"hash":"d65f96e508bc9267721bbf15b511bebff7bb4d45221b4e32e9fac427273c0307","fetched_at":1780198996,"ttl":50400},"sv:99942:2461428.421818283":{"data":{"r":[0.440984281883716,0.7697044542027219,-0.0306578071974428],"v":[-0.014115780888034,0.01207111729847986,-0.0009780871973491994],"epoch":9883.42181828292,"epochJD":2461428.421818283,"source":"JPL_HORIZONS"},"hash":"c8fc205d860d5b928c08f4101d413b12009856a8c8116e1a5ca1d6caf49ca74f","fetched_at":1780198996,"ttl":50400},"sv:99942:2461458.421818283":{"data":{"r":[-0.0332692287787865,0.9848788188119243,-0.05335681222941896],"v":[-0.01651771123342517,0.002397681990457047,-0.0005185368039025001],"epoch":9913.42181828292,"epochJD":2461458.421818283,"source":"JPL_HORIZONS"},"hash":"cc7aaf87875441d5168d399c3a417c727e3248454c1b750149e4892c3103fa9b","fetched_at":1780198996,"ttl":50400},"sv:99942:2461488.421818283":{"data":{"r":[-0.5045439270676666,0.9305037847021773,-0.06159737898235095],"v":[-0.01432893823234147,-0.005658807919897981,-0.0000367383580521902],"epoch":9943.42181828292,"epochJD":2461488.421818283,"source":"JPL_HORIZONS"},"hash":"86723348f4a2b9c32bea27788f18c58d1eec87f91c1aa5ab90fdb7fb99484be2","fetched_at":1780198997,"ttl":50400},"sv:99942:2461518.421818283":{"data":{"r":[-0.8664307811788893,0.668733191425518,-0.05618080273613261],"v":[-0.009451054931906667,-0.01138933815502059,0.0003844969136547214],"epoch":9973.42181828292,"epochJD":2461518.421818283,"source":"JPL_HORIZONS"},"hash":"965c3d2f7e5fc22922791ae68f20b6785dc2831f5a074cd6ee07cd5d0e478f83","fetched_at":1780198997,"ttl":50400},"sv:99942:2461548.421818283":{"data":{"r":[-1.054700961285772,0.2721766636718866,-0.03946409675126052],"v":[-0.002869477990929282,-0.01460820222403445,0.000711942707200116],"epoch":10003.42181828292,"epochJD":2461548.421818283,"source":"JPL_HORIZONS"},"hash":"588b1fd167a70e7dd85ca9b99f731acfaf89e346f19532ba63540b7a22d1d4fe","fetched_at":1780198997,"ttl":50400},"sv:99942:2461553":{"data":{"r":[-1.066010124722964,0.1984251738584349,-0.03579461977826039],"v":[-0.001649180694434482,-0.01487888119626811,0.0007552451379715416],"epoch":10008,"epochJD":2461553,"source":"JPL_HORIZONS"},"hash":"40f442b59aa52e8fc1b1bde13c557f59cd96f989e0816879586c9c6afa567cc3","fetched_at":1780198998,"ttl":50400}}